x,y,Eigenvalue1,Eigenvalue2,Classification
-3.779,-3.283,133.759,70.698,2
-2.805,3.131,64.831,80.528,2
-3.073,-0.081,72.435,-39.651,0
3.00000000000000,2.00000000000000,82.284,25.716,2
0.087,2.884,-31.735,75.488,0
-0.128,-1.954,-50.613,20.297,0
-0.271,-0.923,-45.606,-16.070,1
3.584,-1.848,105.385,28.683,2
3.385,0.074,97.537,-14.136,0
